Academic Year,TAP Sector Group,Scholarship Name,Scholarship Headcount,Scholarship FTE,Scholarship Dollars
2018,6-BUS. DEGREE,Enhanced Tuition Awards,509,373.83,575810.36
2018,5-INDEPENDENT,Enhanced Tuition Awards,2292,2064.75,3703073.69
2018,4-SUNY CC,Enhanced Tuition Awards,17,11.00,21716.00
2018,1-CUNY SR,Enhanced Tuition Awards,28,21.50,33839.75
2018,2-CUNY CC,Enhanced Tuition Awards,8,5.50,9845.75
2018,3-SUNY SO,Enhanced Tuition Awards,36,29.50,52446.75
2018,5-INDEPENDENT,Flight 3407 Memorial Scholarship,3,2.75,59205.00
2018,3-SUNY SO,Flight 587 Memorial Scholarship,2,2.00,50175.00
2018,2-CUNY CC,Flight 587 Memorial Scholarship,1,0.50,4836.50
2018,5-INDEPENDENT,Flight 587 Memorial Scholarship,1,1.00,11908.00
2018,6-BUS. DEGREE,Flight 587 Memorial Scholarship,1,1.00,15400.00
2018,5-INDEPENDENT,Military Service Recognition Scholarship,40,37.25,713062.50
2018,3-SUNY SO,Military Service Recognition Scholarship,60,54.00,1038683.11
2018,2-CUNY CC,Military Service Recognition Scholarship,3,2.50,31833.90
2018,4-SUNY CC,Military Service Recognition Scholarship,26,22.00,263436.04
2018,1-CUNY SR,Military Service Recognition Scholarship,3,2.00,31070.50
2018,6-BUS. DEGREE,Military Service Recognition Scholarship,6,4.08,53403.76
2018,1-CUNY SR,NYS Achievement and Investment In Merit Scholarship,98,86.50,43250.00
2018,3-SUNY SO,NYS Achievement and Investment In Merit Scholarship,522,461.50,230750.00
2018,5-INDEPENDENT,NYS Achievement and Investment In Merit Scholarship,1081,974.17,487333.37
2018,4-SUNY CC,NYS Achievement and Investment In Merit Scholarship,13,10.00,5000.00
2018,3-SUNY SO,NYS Masters-In-Education Teacher Incentive Scholarship,47,41.00,419277.24
2018,1-CUNY SR,NYS Masters-In-Education Teacher Incentive Scholarship,22,17.00,165789.50
2018,3-SUNY SO,NYS Math and Science Teacher Incentive Scholarship,46,43.50,298845.00
2018,1-CUNY SR,NYS Math and Science Teacher Incentive Scholarship,6,5.50,37785.00
2018,5-INDEPENDENT,NYS Math and Science Teacher Incentive Scholarship,28,27.00,185490.00
2018,5-INDEPENDENT,"NYS Memorial Scholarships for Families of Deceased Firefighters, Volunteer Firefighters, Police Officers, Peace Officers and Emergency Medical Service Workers",22,20.50,447827.50
2018,3-SUNY SO,"NYS Memorial Scholarships for Families of Deceased Firefighters, Volunteer Firefighters, Police Officers, Peace Officers and Emergency Medical Service Workers",13,11.00,215391.69
2018,1-CUNY SR,"NYS Memorial Scholarships for Families of Deceased Firefighters, Volunteer Firefighters, Police Officers, Peace Officers and Emergency Medical Service Workers",1,0.50,6840.60
2018,4-SUNY CC,"NYS Memorial Scholarships for Families of Deceased Firefighters, Volunteer Firefighters, Police Officers, Peace Officers and Emergency Medical Service Workers",7,5.00,64822.00
2018,2-CUNY CC,NYS Part-time Scholarship Award Program,41,35.00,100200.00
2018,4-SUNY CC,NYS Part-time Scholarship Award Program,373,285.50,714402.50
2018,5-INDEPENDENT,NYS Regents Awards for Children of Deceased and Disabled Veterans,157,141.50,63675.00
2018,1-CUNY SR,NYS Regents Awards for Children of Deceased and Disabled Veterans,17,14.50,6525.00
2018,3-SUNY SO,NYS Regents Awards for Children of Deceased and Disabled Veterans,215,185.25,83362.50
2018,6-BUS. DEGREE,NYS Regents Awards for Children of Deceased and Disabled Veterans,7,5.50,2475.00
2018,2-CUNY CC,NYS Regents Awards for Children of Deceased and Disabled Veterans,8,3.50,1575.00
2018,4-SUNY CC,NYS Regents Awards for Children of Deceased and Disabled Veterans,96,71.50,32175.00
2018,3-SUNY SO,NYS Scholarships for Academic Excellence,4297,3964.08,2854542.50
2018,4-SUNY CC,NYS Scholarships for Academic Excellence,447,361.00,253000.00
2018,1-CUNY SR,NYS Scholarships for Academic Excellence,2332,1994.75,1426125.00
2018,2-CUNY CC,NYS Scholarships for Academic Excellence,166,135.75,94875.00
2018,5-INDEPENDENT,NYS Scholarships for Academic Excellence,5922,5592.00,4206500.43
2018,6-BUS. DEGREE,NYS Scholarships for Academic Excellence,77,65.50,41750.01
2018,4-SUNY CC,"NYS Science, Technology, Engineering and Mathematics Incentive Program",31,26.50,107794.50
2018,5-INDEPENDENT,"NYS Science, Technology, Engineering and Mathematics Incentive Program",106,96.00,659520.00
2018,1-CUNY SR,"NYS Science, Technology, Engineering and Mathematics Incentive Program",123,103.50,528290.11
2018,2-CUNY CC,"NYS Science, Technology, Engineering and Mathematics Incentive Program",1,0.50,2400.00
2018,3-SUNY SO,"NYS Science, Technology, Engineering and Mathematics Incentive Program",2106,1966.00,12580495.18
2018,5-INDEPENDENT,NYS World Trade Center Memorial Scholarship,433,408.25,8418052.99
2018,6-BUS. DEGREE,NYS World Trade Center Memorial Scholarship,13,10.42,195657.00
2018,3-SUNY SO,NYS World Trade Center Memorial Scholarship,341,306.50,6429832.93
2018,2-CUNY CC,NYS World Trade Center Memorial Scholarship,10,12.25,91580.70
2018,1-CUNY SR,NYS World Trade Center Memorial Scholarship,73,62.75,1002678.54
2018,4-SUNY CC,NYS World Trade Center Memorial Scholarship,73,61.75,774739.00
2018,3-SUNY SO,Senator Patricia K. McGee Nursing Faculty Scholarship,38,15.50,554605.68
2018,1-CUNY SR,Senator Patricia K. McGee Nursing Faculty Scholarship,9,5.13,149262.63
2018,5-INDEPENDENT,Senator Patricia K. McGee Nursing Faculty Scholarship,53,26.75,770149.35
2018,5-INDEPENDENT,Veterans Tuition Awards,177,139.83,913233.53
2018,3-SUNY SO,Veterans Tuition Awards,185,139.29,730365.16
2018,6-BUS. DEGREE,Veterans Tuition Awards,24,24.17,149989.19
2018,2-CUNY CC,Veterans Tuition Awards,27,15.79,65012.30
2018,4-SUNY CC,Veterans Tuition Awards,160,122.79,462040.89
2018,1-CUNY SR,Veterans Tuition Awards,82,56.58,285585.33
2018,VOCATIONAL - VET SCHOOLS ONLY,Veterans Tuition Awards,37,19.75,119522.51
2017,2-CUNY CC,Enhanced Tuition Awards,3,1.50,3050.00
2017,3-SUNY SO,Enhanced Tuition Awards,16,8.00,10446.00
2017,5-INDEPENDENT,Enhanced Tuition Awards,2098,1878.88,2973302.71
2017,4-SUNY CC,Enhanced Tuition Awards,5,2.50,4808.00
2017,1-CUNY SR,Enhanced Tuition Awards,8,4.00,4533.00
2017,5-INDEPENDENT,Flight 3407 Memorial Scholarship,1,1.00,14568.00
2017,2-CUNY CC,Flight 587 Memorial Scholarship,1,0.50,6273.00
2017,3-SUNY SO,Flight 587 Memorial Scholarship,5,4.50,84352.00
2017,5-INDEPENDENT,Flight 587 Memorial Scholarship,5,4.50,74950.00
2017,1-CUNY SR,Flight 587 Memorial Scholarship,2,2.00,24008.20
2017,2-CUNY CC,Military Service Recognition Scholarship,2,1.50,13390.50
2017,6-BUS. DEGREE,Military Service Recognition Scholarship,4,2.33,31532.90
2017,1-CUNY SR,Military Service Recognition Scholarship,5,4.50,51048.75
2017,3-SUNY SO,Military Service Recognition Scholarship,53,48.00,932729.34
2017,5-INDEPENDENT,Military Service Recognition Scholarship,37,39.50,694101.29
2017,4-SUNY CC,Military Service Recognition Scholarship,14,12.75,162461.60
2017,3-SUNY SO,NYS Achievement and Investment In Merit Scholarship,722,667.00,333500.00
2017,5-INDEPENDENT,NYS Achievement and Investment In Merit Scholarship,1183,1142.38,572187.56
2017,4-SUNY CC,NYS Achievement and Investment In Merit Scholarship,33,25.50,12750.00
2017,1-CUNY SR,NYS Achievement and Investment In Merit Scholarship,108,99.00,49500.00
2017,2-CUNY CC,NYS Achievement and Investment In Merit Scholarship,1,1.00,500.00
2017,3-SUNY SO,NYS Masters-In-Education Teacher Incentive Scholarship,58,47.00,441751.25
2017,1-CUNY SR,NYS Masters-In-Education Teacher Incentive Scholarship,10,10.00,90015.00
2017,3-SUNY SO,NYS Math and Science Teacher Incentive Scholarship,51,49.50,319817.50
2017,5-INDEPENDENT,NYS Math and Science Teacher Incentive Scholarship,34,31.50,202598.01
2017,1-CUNY SR,NYS Math and Science Teacher Incentive Scholarship,6,6.00,36185.20
2017,4-SUNY CC,NYS Math and Science Teacher Incentive Scholarship,1,0.50,44.50
2017,2-CUNY CC,NYS Math and Science Teacher Incentive Scholarship,1,1.00,6470.00
2017,3-SUNY SO,"NYS Memorial Scholarships for Families of Deceased Firefighters, Volunteer Firefighters, Police Officers, Peace Officers and Emergency Medical Service Workers",12,11.50,233300.00
2017,6-BUS. DEGREE,"NYS Memorial Scholarships for Families of Deceased Firefighters, Volunteer Firefighters, Police Officers, Peace Officers and Emergency Medical Service Workers",1,1.00,17966.68
2017,5-INDEPENDENT,"NYS Memorial Scholarships for Families of Deceased Firefighters, Volunteer Firefighters, Police Officers, Peace Officers and Emergency Medical Service Workers",24,23.00,481742.50
2017,4-SUNY CC,"NYS Memorial Scholarships for Families of Deceased Firefighters, Volunteer Firefighters, Police Officers, Peace Officers and Emergency Medical Service Workers",6,4.00,55951.10
2017,4-SUNY CC,NYS Part-time Scholarship Award Program,292,221.25,512293.00
2017,2-CUNY CC,NYS Part-time Scholarship Award Program,15,11.00,28334.00
2017,3-SUNY SO,NYS Regents Awards for Children of Deceased and Disabled Veterans,207,182.25,82012.50
2017,6-BUS. DEGREE,NYS Regents Awards for Children of Deceased and Disabled Veterans,6,4.00,1800.00
2017,1-CUNY SR,NYS Regents Awards for Children of Deceased and Disabled Veterans,13,10.00,4500.00
2017,5-INDEPENDENT,NYS Regents Awards for Children of Deceased and Disabled Veterans,133,121.25,54562.50
2017,4-SUNY CC,NYS Regents Awards for Children of Deceased and Disabled Veterans,89,72.00,32400.00
2017,2-CUNY CC,NYS Regents Awards for Children of Deceased and Disabled Veterans,7,4.50,2025.00
2017,8-OTHER,NYS Regents Awards for Children of Deceased and Disabled Veterans,1,0.50,225.00
2017,6-BUS. DEGREE,NYS Scholarships for Academic Excellence,68,73.83,45080.01
2017,5-INDEPENDENT,NYS Scholarships for Academic Excellence,6252,5908.50,4430500.52
2017,4-SUNY CC,NYS Scholarships for Academic Excellence,443,371.50,271750.00
2017,2-CUNY CC,NYS Scholarships for Academic Excellence,173,132.00,96500.00
2017,1-CUNY SR,NYS Scholarships for Academic Excellence,2373,2093.92,1504957.50
2017,3-SUNY SO,NYS Scholarships for Academic Excellence,4547,4250.00,3061750.00
2017,4-SUNY CC,"NYS Science, Technology, Engineering and Mathematics Incentive Program",34,25.00,106651.50
2017,2-CUNY CC,"NYS Science, Technology, Engineering and Mathematics Incentive Program",2,1.50,6700.00
2017,1-CUNY SR,"NYS Science, Technology, Engineering and Mathematics Incentive Program",116,106.50,547349.90
2017,3-SUNY SO,"NYS Science, Technology, Engineering and Mathematics Incentive Program",2066,1966.00,12092887.57
2017,5-INDEPENDENT,NYS World Trade Center Memorial Scholarship,422,401.75,7879678.16
2017,4-SUNY CC,NYS World Trade Center Memorial Scholarship,76,59.50,757822.50
2017,2-CUNY CC,NYS World Trade Center Memorial Scholarship,9,7.50,77623.70
2017,1-CUNY SR,NYS World Trade Center Memorial Scholarship,55,46.25,744743.85
2017,3-SUNY SO,NYS World Trade Center Memorial Scholarship,319,294.00,6129007.55
2017,6-BUS. DEGREE,NYS World Trade Center Memorial Scholarship,13,10.50,198801.50
2017,5-INDEPENDENT,Senator Patricia K. McGee Nursing Faculty Scholarship,70,34.63,926645.01
2017,1-CUNY SR,Senator Patricia K. McGee Nursing Faculty Scholarship,10,4.13,119158.20
2017,3-SUNY SO,Senator Patricia K. McGee Nursing Faculty Scholarship,27,15.88,465339.86
2017,5-INDEPENDENT,Veterans Tuition Awards,163,116.92,711188.23
2017,1-CUNY SR,Veterans Tuition Awards,95,55.42,248340.36
2017,2-CUNY CC,Veterans Tuition Awards,13,6.79,27465.00
2017,4-SUNY CC,Veterans Tuition Awards,213,149.12,533910.42
2017,3-SUNY SO,Veterans Tuition Awards,227,154.46,789350.42
2017,VOCATIONAL - VET SCHOOLS ONLY,Veterans Tuition Awards,31,15.25,87657.30
2017,6-BUS. DEGREE,Veterans Tuition Awards,43,30.25,170421.86
2016,5-INDEPENDENT,Flight 3407 Memorial Scholarship,3,2.50,49132.50
2016,3-SUNY SO,Flight 3407 Memorial Scholarship,1,0.50,10861.50
2016,5-INDEPENDENT,Flight 587 Memorial Scholarship,7,6.00,103482.50
2016,1-CUNY SR,Flight 587 Memorial Scholarship,5,3.00,41931.55
2016,4-SUNY CC,Flight 587 Memorial Scholarship,1,0.50,8482.00
2016,3-SUNY SO,Flight 587 Memorial Scholarship,4,4.00,77716.00
2016,2-CUNY CC,Flight 587 Memorial Scholarship,2,1.50,16906.60
2016,1-CUNY SR,Military Service Recognition Scholarship,10,7.00,98530.10
2016,6-BUS. DEGREE,Military Service Recognition Scholarship,5,3.83,55154.07
2016,5-INDEPENDENT,Military Service Recognition Scholarship,30,33.00,512139.79
2016,4-SUNY CC,Military Service Recognition Scholarship,16,10.50,127955.75
2016,3-SUNY SO,Military Service Recognition Scholarship,37,32.00,625698.74
2016,2-CUNY CC,Military Service Recognition Scholarship,4,2.50,26191.60
2016,1-CUNY SR,NYS Achievement and Investment In Merit Scholarship,117,110.50,55250.00
2016,5-INDEPENDENT,NYS Achievement and Investment In Merit Scholarship,1248,1223.00,611500.05
2016,4-SUNY CC,NYS Achievement and Investment In Merit Scholarship,69,62.00,31000.00
2016,3-SUNY SO,NYS Achievement and Investment In Merit Scholarship,767,738.50,369250.00
2016,2-CUNY CC,NYS Achievement and Investment In Merit Scholarship,1,1.00,500.00
2016,1-CUNY SR,NYS Masters-In-Education Teacher Incentive Scholarship,5,5.00,46895.00
2016,3-SUNY SO,NYS Masters-In-Education Teacher Incentive Scholarship,58,54.00,539538.15
2016,1-CUNY SR,NYS Math and Science Teacher Incentive Scholarship,7,6.50,38619.30
2016,5-INDEPENDENT,NYS Math and Science Teacher Incentive Scholarship,30,28.00,175690.01
2016,4-SUNY CC,NYS Math and Science Teacher Incentive Scholarship,1,0.50,2970.00
2016,3-SUNY SO,NYS Math and Science Teacher Incentive Scholarship,43,40.00,230206.50
2016,6-BUS. DEGREE,"NYS Memorial Scholarships for Families of Deceased Firefighters, Volunteer Firefighters, Police Officers, Peace Officers and Emergency Medical Service Workers",1,0.67,10083.33
2016,5-INDEPENDENT,"NYS Memorial Scholarships for Families of Deceased Firefighters, Volunteer Firefighters, Police Officers, Peace Officers and Emergency Medical Service Workers",21,18.58,368294.58
2016,4-SUNY CC,"NYS Memorial Scholarships for Families of Deceased Firefighters, Volunteer Firefighters, Police Officers, Peace Officers and Emergency Medical Service Workers",11,8.25,99888.75
2016,3-SUNY SO,"NYS Memorial Scholarships for Families of Deceased Firefighters, Volunteer Firefighters, Police Officers, Peace Officers and Emergency Medical Service Workers",15,12.50,237168.44
2016,8-OTHER,NYS Regents Awards for Children of Deceased and Disabled Veterans,2,1.50,675.00
2016,6-BUS. DEGREE,NYS Regents Awards for Children of Deceased and Disabled Veterans,9,7.00,3150.00
2016,5-INDEPENDENT,NYS Regents Awards for Children of Deceased and Disabled Veterans,119,108.50,48825.00
2016,4-SUNY CC,NYS Regents Awards for Children of Deceased and Disabled Veterans,108,80.00,36000.00
2016,3-SUNY SO,NYS Regents Awards for Children of Deceased and Disabled Veterans,177,153.75,69187.50
2016,2-CUNY CC,NYS Regents Awards for Children of Deceased and Disabled Veterans,6,4.00,1800.00
2016,1-CUNY SR,NYS Regents Awards for Children of Deceased and Disabled Veterans,20,14.75,6637.50
2016,8-OTHER,NYS Scholarships for Academic Excellence,1,1.00,1500.00
2016,6-BUS. DEGREE,NYS Scholarships for Academic Excellence,70,66.08,44541.68
2016,5-INDEPENDENT,NYS Scholarships for Academic Excellence,6759,6451.83,4820917.23
2016,4-SUNY CC,NYS Scholarships for Academic Excellence,449,377.00,278000.00
2016,3-SUNY SO,NYS Scholarships for Academic Excellence,4763,4464.75,3203125.00
2016,2-CUNY CC,NYS Scholarships for Academic Excellence,172,126.50,98250.00
2016,1-CUNY SR,NYS Scholarships for Academic Excellence,2346,2066.00,1473250.00
2016,4-SUNY CC,"NYS Science, Technology, Engineering and Mathematics Incentive Program",40,34.50,130635.00
2016,3-SUNY SO,"NYS Science, Technology, Engineering and Mathematics Incentive Program",1647,1579.50,9346324.10
2016,2-CUNY CC,"NYS Science, Technology, Engineering and Mathematics Incentive Program",3,2.50,9373.50
2016,1-CUNY SR,"NYS Science, Technology, Engineering and Mathematics Incentive Program",112,102.50,551978.00
2016,8-OTHER,NYS World Trade Center Memorial Scholarship,1,1.00,15125.00
2016,6-BUS. DEGREE,NYS World Trade Center Memorial Scholarship,11,9.00,166085.01
2016,5-INDEPENDENT,NYS World Trade Center Memorial Scholarship,398,376.00,7153383.79
2016,4-SUNY CC,NYS World Trade Center Memorial Scholarship,82,69.00,835069.50
2016,3-SUNY SO,NYS World Trade Center Memorial Scholarship,291,266.50,5324544.78
2016,2-CUNY CC,NYS World Trade Center Memorial Scholarship,9,7.50,83660.45
2016,1-CUNY SR,NYS World Trade Center Memorial Scholarship,60,51.00,806488.35
2016,5-INDEPENDENT,Senator Patricia K. McGee Nursing Faculty Scholarship,80,44.04,1244912.56
2016,3-SUNY SO,Senator Patricia K. McGee Nursing Faculty Scholarship,30,17.75,492132.73
2016,1-CUNY SR,Senator Patricia K. McGee Nursing Faculty Scholarship,13,7.00,215695.31
2016,VOCATIONAL - VET SCHOOLS ONLY,Veterans Tuition Awards,51,26.00,158002.85
2016,8-OTHER,Veterans Tuition Awards,1,1.00,4058.00
2016,6-BUS. DEGREE,Veterans Tuition Awards,69,55.92,309000.02
2016,5-INDEPENDENT,Veterans Tuition Awards,226,171.04,1031884.22
2016,4-SUNY CC,Veterans Tuition Awards,250,171.42,596529.03
2016,3-SUNY SO,Veterans Tuition Awards,283,194.83,1026162.71
2016,2-CUNY CC,Veterans Tuition Awards,25,16.42,61751.25
2016,1-CUNY SR,Veterans Tuition Awards,93,55.38,253859.56
2015,5-INDEPENDENT,Flight 3407 Memorial Scholarship,3,3.00,51725.00
2015,3-SUNY SO,Flight 3407 Memorial Scholarship,2,1.50,33673.00
2015,4-SUNY CC,Flight 587 Memorial Scholarship,2,1.50,19135.00
2015,6-BUS. DEGREE,Flight 587 Memorial Scholarship,1,0.33,4925.67
2015,2-CUNY CC,Flight 587 Memorial Scholarship,2,1.00,11978.50
2015,5-INDEPENDENT,Flight 587 Memorial Scholarship,7,7.00,120691.75
2015,3-SUNY SO,Flight 587 Memorial Scholarship,3,3.00,62496.00
2015,1-CUNY SR,Flight 587 Memorial Scholarship,7,6.00,69029.60
2015,4-SUNY CC,Military Service Recognition Scholarship,16,11.75,117333.75
2015,6-BUS. DEGREE,Military Service Recognition Scholarship,3,2.83,35947.04
2015,2-CUNY CC,Military Service Recognition Scholarship,2,2.00,23774.40
2015,3-SUNY SO,Military Service Recognition Scholarship,37,27.75,519212.69
2015,5-INDEPENDENT,Military Service Recognition Scholarship,29,25.75,454806.00
2015,1-CUNY SR,Military Service Recognition Scholarship,8,7.00,119207.40
2015,1-CUNY SR,NYS Achievement and Investment In Merit Scholarship,74,73.00,36500.00
2015,3-SUNY SO,NYS Achievement and Investment In Merit Scholarship,579,569.50,284750.00
2015,5-INDEPENDENT,NYS Achievement and Investment In Merit Scholarship,897,886.50,443250.04
2015,4-SUNY CC,NYS Achievement and Investment In Merit Scholarship,52,51.00,25500.00
2015,3-SUNY SO,NYS Math and Science Teacher Incentive Scholarship,30,29.50,186537.50
2015,5-INDEPENDENT,NYS Math and Science Teacher Incentive Scholarship,26,26.00,168870.00
2015,1-CUNY SR,NYS Math and Science Teacher Incentive Scholarship,5,5.00,32310.00
2015,3-SUNY SO,"NYS Memorial Scholarships for Families of Deceased Firefighters, Volunteer Firefighters, Police Officers, Peace Officers and Emergency Medical Service Workers",15,13.50,263514.00
2015,5-INDEPENDENT,"NYS Memorial Scholarships for Families of Deceased Firefighters, Volunteer Firefighters, Police Officers, Peace Officers and Emergency Medical Service Workers",24,26.83,427254.00
2015,4-SUNY CC,"NYS Memorial Scholarships for Families of Deceased Firefighters, Volunteer Firefighters, Police Officers, Peace Officers and Emergency Medical Service Workers",9,8.00,96178.00
2015,2-CUNY CC,NYS Regents Awards for Children of Deceased and Disabled Veterans,12,9.00,4050.00
2015,6-BUS. DEGREE,NYS Regents Awards for Children of Deceased and Disabled Veterans,16,14.42,6487.50
2015,3-SUNY SO,NYS Regents Awards for Children of Deceased and Disabled Veterans,197,170.50,76725.00
2015,5-INDEPENDENT,NYS Regents Awards for Children of Deceased and Disabled Veterans,128,114.50,51525.00
2015,1-CUNY SR,NYS Regents Awards for Children of Deceased and Disabled Veterans,25,18.50,8325.00
2015,4-SUNY CC,NYS Regents Awards for Children of Deceased and Disabled Veterans,117,87.75,39487.50
2015,2-CUNY CC,NYS Scholarships for Academic Excellence,202,158.50,119750.00
2015,8-OTHER,NYS Scholarships for Academic Excellence,2,1.50,1750.00
2015,6-BUS. DEGREE,NYS Scholarships for Academic Excellence,74,71.00,49666.76
2015,3-SUNY SO,NYS Scholarships for Academic Excellence,4743,4448.50,3198989.50
2015,1-CUNY SR,NYS Scholarships for Academic Excellence,2329,2045.50,1458000.00
2015,5-INDEPENDENT,NYS Scholarships for Academic Excellence,6917,6596.58,4971545.54
2015,4-SUNY CC,NYS Scholarships for Academic Excellence,474,398.75,278625.00
2015,2-CUNY CC,"NYS Science, Technology, Engineering and Mathematics Incentive Program",2,2.00,3764.00
2015,1-CUNY SR,"NYS Science, Technology, Engineering and Mathematics Incentive Program",90,81.00,410533.95
2015,3-SUNY SO,"NYS Science, Technology, Engineering and Mathematics Incentive Program",1068,1017.00,5946856.10
2015,4-SUNY CC,"NYS Science, Technology, Engineering and Mathematics Incentive Program",27,24.00,81933.50
2015,8-OTHER,NYS World Trade Center Memorial Scholarship,2,2.00,28364.00
2015,3-SUNY SO,NYS World Trade Center Memorial Scholarship,269,242.50,4737804.27
2015,6-BUS. DEGREE,NYS World Trade Center Memorial Scholarship,17,14.83,243570.19
2015,5-INDEPENDENT,NYS World Trade Center Memorial Scholarship,377,358.25,6611006.58
2015,4-SUNY CC,NYS World Trade Center Memorial Scholarship,90,69.00,783037.06
2015,1-CUNY SR,NYS World Trade Center Memorial Scholarship,63,50.92,839059.51
2015,2-CUNY CC,NYS World Trade Center Memorial Scholarship,11,9.00,122545.10
2015,3-SUNY SO,Senator Patricia K. McGee Nursing Faculty Scholarship,23,12.00,333681.49
2015,5-INDEPENDENT,Senator Patricia K. McGee Nursing Faculty Scholarship,88,47.13,1276097.91
2015,1-CUNY SR,Senator Patricia K. McGee Nursing Faculty Scholarship,16,8.50,259557.88
2015,3-SUNY SO,Veterans Tuition Awards,336,241.04,1212077.66
2015,VOCATIONAL - VET SCHOOLS ONLY,Veterans Tuition Awards,69,37.25,212306.70
2015,6-BUS. DEGREE,Veterans Tuition Awards,85,69.75,376869.60
2015,5-INDEPENDENT,Veterans Tuition Awards,264,195.92,1203351.72
2015,1-CUNY SR,Veterans Tuition Awards,129,76.92,357262.68
2015,4-SUNY CC,Veterans Tuition Awards,312,210.29,705286.68
2015,2-CUNY CC,Veterans Tuition Awards,43,24.58,83840.14
2014,5-INDEPENDENT,Flight 3407 Memorial Scholarship,3,2.50,38965.00
2014,3-SUNY SO,Flight 3407 Memorial Scholarship,3,2.50,42954.00
2014,4-SUNY CC,Flight 587 Memorial Scholarship,1,1.00,5825.00
2014,6-BUS. DEGREE,Flight 587 Memorial Scholarship,2,1.83,37456.66
2014,2-CUNY CC,Flight 587 Memorial Scholarship,1,0.50,3149.45
2014,3-SUNY SO,Flight 587 Memorial Scholarship,2,1.50,28041.50
2014,5-INDEPENDENT,Flight 587 Memorial Scholarship,9,8.50,162459.50
2014,1-CUNY SR,Flight 587 Memorial Scholarship,8,7.00,70856.25
2014,4-SUNY CC,Military Service Recognition Scholarship,21,17.75,187941.42
2014,2-CUNY CC,Military Service Recognition Scholarship,2,1.00,11153.95
2014,6-BUS. DEGREE,Military Service Recognition Scholarship,3,3.50,42080.50
2014,3-SUNY SO,Military Service Recognition Scholarship,31,25.50,442094.08
2014,5-INDEPENDENT,Military Service Recognition Scholarship,20,19.25,336099.80
2014,1-CUNY SR,Military Service Recognition Scholarship,8,6.00,103267.65
2014,1-CUNY SR,NYS Math and Science Teacher Incentive Scholarship,6,6.00,34355.00
2014,2-CUNY CC,NYS Math and Science Teacher Incentive Scholarship,1,1.00,4818.90
2014,3-SUNY SO,NYS Math and Science Teacher Incentive Scholarship,32,30.50,188947.50
2014,5-INDEPENDENT,NYS Math and Science Teacher Incentive Scholarship,36,33.50,202222.50
2014,4-SUNY CC,"NYS Memorial Scholarships for Families of Deceased Firefighters, Volunteer Firefighters, Police Officers, Peace Officers and Emergency Medical Service Workers",8,5.00,53588.50
2014,6-BUS. DEGREE,"NYS Memorial Scholarships for Families of Deceased Firefighters, Volunteer Firefighters, Police Officers, Peace Officers and Emergency Medical Service Workers",1,1.00,21892.00
2014,3-SUNY SO,"NYS Memorial Scholarships for Families of Deceased Firefighters, Volunteer Firefighters, Police Officers, Peace Officers and Emergency Medical Service Workers",18,15.75,300712.75
2014,5-INDEPENDENT,"NYS Memorial Scholarships for Families of Deceased Firefighters, Volunteer Firefighters, Police Officers, Peace Officers and Emergency Medical Service Workers",25,23.67,448540.49
2014,1-CUNY SR,"NYS Memorial Scholarships for Families of Deceased Firefighters, Volunteer Firefighters, Police Officers, Peace Officers and Emergency Medical Service Workers",1,1.00,10777.70
2014,2-CUNY CC,NYS Regents Awards for Children of Deceased and Disabled Veterans,5,4.00,1800.00
2014,8-OTHER,NYS Regents Awards for Children of Deceased and Disabled Veterans,1,0.50,225.00
2014,6-BUS. DEGREE,NYS Regents Awards for Children of Deceased and Disabled Veterans,9,8.00,3600.00
2014,3-SUNY SO,NYS Regents Awards for Children of Deceased and Disabled Veterans,178,148.00,67275.00
2014,1-CUNY SR,NYS Regents Awards for Children of Deceased and Disabled Veterans,18,15.00,6750.00
2014,5-INDEPENDENT,NYS Regents Awards for Children of Deceased and Disabled Veterans,125,110.50,50625.00
2014,4-SUNY CC,NYS Regents Awards for Children of Deceased and Disabled Veterans,117,89.75,41400.00
2014,2-CUNY CC,NYS Scholarships for Academic Excellence,223,169.50,129250.00
2014,1-CUNY SR,NYS Scholarships for Academic Excellence,2290,1981.75,1424625.00
2014,8-OTHER,NYS Scholarships for Academic Excellence,2,1.33,1000.00
2014,6-BUS. DEGREE,NYS Scholarships for Academic Excellence,88,87.50,60416.76
2014,3-SUNY SO,NYS Scholarships for Academic Excellence,4663,4396.92,3159707.50
2014,5-INDEPENDENT,NYS Scholarships for Academic Excellence,7440,7117.50,5421676.43
2014,4-SUNY CC,NYS Scholarships for Academic Excellence,516,432.00,294000.00
2014,1-CUNY SR,"NYS Science, Technology, Engineering and Mathematics Incentive Program",60,52.50,239739.60
2014,3-SUNY SO,"NYS Science, Technology, Engineering and Mathematics Incentive Program",485,462.50,2529469.03
2014,4-SUNY CC,"NYS Science, Technology, Engineering and Mathematics Incentive Program",10,8.00,22012.50
2014,3-SUNY SO,NYS World Trade Center Memorial Scholarship,277,257.25,4899383.88
2014,6-BUS. DEGREE,NYS World Trade Center Memorial Scholarship,24,19.75,325083.41
2014,5-INDEPENDENT,NYS World Trade Center Memorial Scholarship,338,319.50,5829696.67
2014,1-CUNY SR,NYS World Trade Center Memorial Scholarship,48,40.50,544344.60
2014,4-SUNY CC,NYS World Trade Center Memorial Scholarship,81,65.25,724855.15
2014,2-CUNY CC,NYS World Trade Center Memorial Scholarship,21,13.00,150877.45
2014,3-SUNY SO,Senator Patricia K. McGee Nursing Faculty Scholarship,16,8.63,277027.19
2014,5-INDEPENDENT,Senator Patricia K. McGee Nursing Faculty Scholarship,75,38.50,1106442.07
2014,1-CUNY SR,Senator Patricia K. McGee Nursing Faculty Scholarship,14,6.88,234007.12
2014,3-SUNY SO,Veterans Tuition Awards,366,259.54,1275444.54
2014,VOCATIONAL - VET SCHOOLS ONLY,Veterans Tuition Awards,65,39.17,230165.25
2014,6-BUS. DEGREE,Veterans Tuition Awards,107,89.38,449938.71
2014,5-INDEPENDENT,Veterans Tuition Awards,320,233.96,1363524.73
2014,1-CUNY SR,Veterans Tuition Awards,127,78.29,362837.25
2014,4-SUNY CC,Veterans Tuition Awards,405,286.63,957574.82
2014,2-CUNY CC,Veterans Tuition Awards,45,25.96,88083.15
2013,5-INDEPENDENT,Flight 3407 Memorial Scholarship,3,3.00,43770.00
2013,3-SUNY SO,Flight 3407 Memorial Scholarship,3,2.00,35353.50
2013,4-SUNY CC,Flight 587 Memorial Scholarship,1,1.00,6835.00
2013,2-CUNY CC,Flight 587 Memorial Scholarship,4,2.00,15610.45
2013,1-CUNY SR,Flight 587 Memorial Scholarship,6,4.50,48717.15
2013,5-INDEPENDENT,Flight 587 Memorial Scholarship,9,7.83,126997.32
2013,4-SUNY CC,Military Service Recognition Scholarship,14,9.25,91508.01
2013,6-BUS. DEGREE,Military Service Recognition Scholarship,3,3.50,35069.99
2013,2-CUNY CC,Military Service Recognition Scholarship,2,1.50,25553.70
2013,5-INDEPENDENT,Military Service Recognition Scholarship,20,19.00,311235.94
2013,3-SUNY SO,Military Service Recognition Scholarship,31,29.25,485896.52
2013,1-CUNY SR,Military Service Recognition Scholarship,6,5.00,78210.55
2013,4-SUNY CC,NYS Math and Science Teacher Incentive Scholarship,2,1.50,6020.00
2013,1-CUNY SR,NYS Math and Science Teacher Incentive Scholarship,5,5.00,28480.00
2013,3-SUNY SO,NYS Math and Science Teacher Incentive Scholarship,51,47.00,277065.00
2013,5-INDEPENDENT,NYS Math and Science Teacher Incentive Scholarship,45,43.00,252985.00
2013,4-SUNY CC,"NYS Memorial Scholarships for Families of Deceased Firefighters, Volunteer Firefighters, Police Officers, Peace Officers and Emergency Medical Service Workers",5,3.50,37449.00
2013,2-CUNY CC,"NYS Memorial Scholarships for Families of Deceased Firefighters, Volunteer Firefighters, Police Officers, Peace Officers and Emergency Medical Service Workers",1,0.33,5725.60
2013,6-BUS. DEGREE,"NYS Memorial Scholarships for Families of Deceased Firefighters, Volunteer Firefighters, Police Officers, Peace Officers and Emergency Medical Service Workers",1,1.00,17685.00
2013,3-SUNY SO,"NYS Memorial Scholarships for Families of Deceased Firefighters, Volunteer Firefighters, Police Officers, Peace Officers and Emergency Medical Service Workers",23,19.50,332945.00
2013,5-INDEPENDENT,"NYS Memorial Scholarships for Families of Deceased Firefighters, Volunteer Firefighters, Police Officers, Peace Officers and Emergency Medical Service Workers",24,23.00,445010.01
2013,4-SUNY CC,NYS Regents Awards for Children of Deceased and Disabled Veterans,114,88.75,40612.50
2013,8-OTHER,NYS Regents Awards for Children of Deceased and Disabled Veterans,2,2.00,900.00
2013,2-CUNY CC,NYS Regents Awards for Children of Deceased and Disabled Veterans,2,2.00,900.00
2013,6-BUS. DEGREE,NYS Regents Awards for Children of Deceased and Disabled Veterans,7,4.67,2100.00
2013,3-SUNY SO,NYS Regents Awards for Children of Deceased and Disabled Veterans,181,157.25,72787.50
2013,5-INDEPENDENT,NYS Regents Awards for Children of Deceased and Disabled Veterans,129,115.83,53025.00
2013,1-CUNY SR,NYS Regents Awards for Children of Deceased and Disabled Veterans,16,11.75,5287.50
2013,2-CUNY CC,NYS Scholarships for Academic Excellence,202,152.00,116000.00
2013,8-OTHER,NYS Scholarships for Academic Excellence,1,0.50,250.00
2013,6-BUS. DEGREE,NYS Scholarships for Academic Excellence,105,89.50,61750.14
2013,3-SUNY SO,NYS Scholarships for Academic Excellence,4755,4503.50,3227500.00
2013,1-CUNY SR,NYS Scholarships for Academic Excellence,2197,1905.00,1371500.00
2013,5-INDEPENDENT,NYS Scholarships for Academic Excellence,7509,7167.42,5463991.66
2013,4-SUNY CC,NYS Scholarships for Academic Excellence,537,445.50,322250.00
2013,2-CUNY CC,NYS World Trade Center Memorial Scholarship,14,11.00,113682.65
2013,1-CUNY SR,NYS World Trade Center Memorial Scholarship,39,30.50,367304.30
2013,6-BUS. DEGREE,NYS World Trade Center Memorial Scholarship,23,19.83,306223.92
2013,3-SUNY SO,NYS World Trade Center Memorial Scholarship,261,239.75,4431126.54
2013,5-INDEPENDENT,NYS World Trade Center Memorial Scholarship,324,305.00,5433138.28
2013,4-SUNY CC,NYS World Trade Center Memorial Scholarship,71,58.00,614349.85
2013,1-CUNY SR,New York  Lottery - Leaders of Tomorrow Scholarship,25,18.50,23125.00
2013,6-BUS. DEGREE,New York  Lottery - Leaders of Tomorrow Scholarship,1,0.50,625.00
2013,3-SUNY SO,New York  Lottery - Leaders of Tomorrow Scholarship,25,16.50,20625.00
2013,5-INDEPENDENT,New York  Lottery - Leaders of Tomorrow Scholarship,42,30.33,37912.50
2013,4-SUNY CC,New York  Lottery - Leaders of Tomorrow Scholarship,8,4.50,5625.00
2013,3-SUNY SO,Senator Patricia K. McGee Nursing Faculty Scholarship,12,6.13,153794.68
2013,5-INDEPENDENT,Senator Patricia K. McGee Nursing Faculty Scholarship,70,37.58,972913.51
2013,1-CUNY SR,Senator Patricia K. McGee Nursing Faculty Scholarship,9,4.75,151773.94
2013,VOCATIONAL - VET SCHOOLS ONLY,Veterans Tuition Awards,95,47.33,313821.84
2013,8-OTHER,Veterans Tuition Awards,1,0.33,1965.00
2013,3-SUNY SO,Veterans Tuition Awards,391,282.29,1366236.62
2013,6-BUS. DEGREE,Veterans Tuition Awards,119,97.04,491858.11
2013,5-INDEPENDENT,Veterans Tuition Awards,337,251.38,1412719.23
2013,1-CUNY SR,Veterans Tuition Awards,141,82.33,366678.48
2013,4-SUNY CC,Veterans Tuition Awards,497,365.46,1202500.35
2013,2-CUNY CC,Veterans Tuition Awards,48,26.88,77745.28
2012,3-SUNY SO,Flight 3407 Memorial Scholarship,2,2.00,40779.50
2012,5-INDEPENDENT,Flight 3407 Memorial Scholarship,3,3.00,50486.00
2012,4-SUNY CC,Flight 587 Memorial Scholarship,5,2.00,23400.50
2012,6-BUS. DEGREE,Flight 587 Memorial Scholarship,1,1.00,19230.00
2012,2-CUNY CC,Flight 587 Memorial Scholarship,4,3.50,21037.00
2012,3-SUNY SO,Flight 587 Memorial Scholarship,1,1.00,20635.00
2012,5-INDEPENDENT,Flight 587 Memorial Scholarship,7,6.50,102899.00
2012,1-CUNY SR,Flight 587 Memorial Scholarship,6,4.25,43619.85
2012,6-BUS. DEGREE,Military Service Recognition Scholarship,2,1.17,15789.97
2012,2-CUNY CC,Military Service Recognition Scholarship,1,0.50,5630.00
2012,3-SUNY SO,Military Service Recognition Scholarship,24,20.75,359186.68
2012,5-INDEPENDENT,Military Service Recognition Scholarship,19,17.00,267288.33
2012,1-CUNY SR,Military Service Recognition Scholarship,5,4.50,61110.85
2012,4-SUNY CC,Military Service Recognition Scholarship,14,11.25,117657.00
2012,2-CUNY CC,NYS Math and Science Teacher Incentive Scholarship,1,1.00,3900.00
2012,1-CUNY SR,NYS Math and Science Teacher Incentive Scholarship,5,4.50,24435.00
2012,3-SUNY SO,NYS Math and Science Teacher Incentive Scholarship,64,60.50,338497.50
2012,5-INDEPENDENT,NYS Math and Science Teacher Incentive Scholarship,48,47.00,255800.86
2012,4-SUNY CC,NYS Math and Science Teacher Incentive Scholarship,4,2.33,8947.00
2012,2-CUNY CC,"NYS Memorial Scholarships for Families of Deceased Firefighters, Volunteer Firefighters, Police Officers, Peace Officers and Emergency Medical Service Workers",1,0.50,5630.00
2012,6-BUS. DEGREE,"NYS Memorial Scholarships for Families of Deceased Firefighters, Volunteer Firefighters, Police Officers, Peace Officers and Emergency Medical Service Workers",1,0.67,6658.33
2012,3-SUNY SO,"NYS Memorial Scholarships for Families of Deceased Firefighters, Volunteer Firefighters, Police Officers, Peace Officers and Emergency Medical Service Workers",13,12.25,232529.30
2012,5-INDEPENDENT,"NYS Memorial Scholarships for Families of Deceased Firefighters, Volunteer Firefighters, Police Officers, Peace Officers and Emergency Medical Service Workers",27,24.50,419606.21
2012,1-CUNY SR,"NYS Memorial Scholarships for Families of Deceased Firefighters, Volunteer Firefighters, Police Officers, Peace Officers and Emergency Medical Service Workers",1,1.00,12839.00
2012,4-SUNY CC,"NYS Memorial Scholarships for Families of Deceased Firefighters, Volunteer Firefighters, Police Officers, Peace Officers and Emergency Medical Service Workers",10,7.25,73746.63
2012,2-CUNY CC,NYS Regents Awards for Children of Deceased and Disabled Veterans,6,4.00,1800.00
2012,6-BUS. DEGREE,NYS Regents Awards for Children of Deceased and Disabled Veterans,12,8.17,12067.50
2012,3-SUNY SO,NYS Regents Awards for Children of Deceased and Disabled Veterans,153,135.50,60975.00
2012,5-INDEPENDENT,NYS Regents Awards for Children of Deceased and Disabled Veterans,149,138.25,62212.50
2012,1-CUNY SR,NYS Regents Awards for Children of Deceased and Disabled Veterans,15,14.50,6525.00
2012,4-SUNY CC,NYS Regents Awards for Children of Deceased and Disabled Veterans,88,74.50,39702.00
2012,8-OTHER,NYS Scholarships for Academic Excellence,1,1.00,500.00
2012,6-BUS. DEGREE,NYS Scholarships for Academic Excellence,91,87.58,61625.18
2012,3-SUNY SO,NYS Scholarships for Academic Excellence,4318,4099.67,2881333.33
2012,1-CUNY SR,NYS Scholarships for Academic Excellence,2211,1971.50,1383500.00
2012,5-INDEPENDENT,NYS Scholarships for Academic Excellence,8065,7728.00,5893088.70
2012,4-SUNY CC,NYS Scholarships for Academic Excellence,486,406.33,285167.50
2012,2-CUNY CC,NYS Scholarships for Academic Excellence,177,130.00,95500.00
2012,1-CUNY SR,NYS World Trade Center Memorial Scholarship,31,23.00,287853.80
2012,6-BUS. DEGREE,NYS World Trade Center Memorial Scholarship,19,15.42,226179.55
2012,3-SUNY SO,NYS World Trade Center Memorial Scholarship,242,221.00,4128080.43
2012,5-INDEPENDENT,NYS World Trade Center Memorial Scholarship,327,301.33,5170765.45
2012,4-SUNY CC,NYS World Trade Center Memorial Scholarship,95,72.75,834562.85
2012,2-CUNY CC,NYS World Trade Center Memorial Scholarship,17,12.00,111452.30
2012,3-SUNY SO,New York  Lottery - Leaders of Tomorrow Scholarship,240,209.67,262081.25
2012,6-BUS. DEGREE,New York  Lottery - Leaders of Tomorrow Scholarship,8,7.00,8750.00
2012,5-INDEPENDENT,New York  Lottery - Leaders of Tomorrow Scholarship,517,466.50,583125.29
2012,4-SUNY CC,New York  Lottery - Leaders of Tomorrow Scholarship,19,12.00,15000.00
2012,2-CUNY CC,New York  Lottery - Leaders of Tomorrow Scholarship,2,1.50,1875.00
2012,1-CUNY SR,New York  Lottery - Leaders of Tomorrow Scholarship,89,75.00,93750.00
2012,3-SUNY SO,Senator Patricia K. McGee Nursing Faculty Scholarship,9,4.25,132124.81
2012,5-INDEPENDENT,Senator Patricia K. McGee Nursing Faculty Scholarship,73,36.79,1080118.84
2012,1-CUNY SR,Senator Patricia K. McGee Nursing Faculty Scholarship,6,3.50,111282.13
2012,3-SUNY SO,Veterans Tuition Awards,502,360.08,1708917.87
2012,VOCATIONAL - VET SCHOOLS ONLY,Veterans Tuition Awards,68,35.00,198646.75
2012,6-BUS. DEGREE,Veterans Tuition Awards,141,121.88,606625.74
2012,5-INDEPENDENT,Veterans Tuition Awards,490,357.33,1883546.32
2012,1-CUNY SR,Veterans Tuition Awards,210,127.67,562714.22
2012,2-CUNY CC,Veterans Tuition Awards,56,32.58,106987.20
2012,4-SUNY CC,Veterans Tuition Awards,512,363.50,1216645.83
2011,5-INDEPENDENT,Flight 3407 Memorial Scholarship,3,3.00,48645.00
2011,3-SUNY SO,Flight 3407 Memorial Scholarship,2,1.50,25047.00
2011,1-CUNY SR,Flight 587 Memorial Scholarship,7,5.00,49881.70
2011,6-BUS. DEGREE,Flight 587 Memorial Scholarship,2,0.92,11923.32
2011,4-SUNY CC,Flight 587 Memorial Scholarship,2,1.50,16833.94
2011,3-SUNY SO,Flight 587 Memorial Scholarship,1,1.00,18710.00
2011,5-INDEPENDENT,Flight 587 Memorial Scholarship,9,8.25,127548.00
2011,2-CUNY CC,Flight 587 Memorial Scholarship,7,5.50,51252.40
2011,1-CUNY SR,Military Service Recognition Scholarship,1,1.00,8742.10
2011,6-BUS. DEGREE,Military Service Recognition Scholarship,2,0.75,10915.50
2011,5-INDEPENDENT,Military Service Recognition Scholarship,18,16.75,257006.99
2011,4-SUNY CC,Military Service Recognition Scholarship,14,13.50,154565.10
2011,3-SUNY SO,Military Service Recognition Scholarship,19,16.00,219360.62
2011,2-CUNY CC,Military Service Recognition Scholarship,3,2.50,21268.55
2011,1-CUNY SR,NYS Math and Science Teacher Incentive Scholarship,5,4.50,23745.00
2011,5-INDEPENDENT,NYS Math and Science Teacher Incentive Scholarship,56,54.67,291225.00
2011,4-SUNY CC,NYS Math and Science Teacher Incentive Scholarship,4,3.50,11357.00
2011,3-SUNY SO,NYS Math and Science Teacher Incentive Scholarship,87,82.50,438292.50
2011,1-CUNY SR,"NYS Memorial Scholarships for Families of Deceased Firefighters, Volunteer Firefighters, Police Officers, Peace Officers and Emergency Medical Service Workers",1,1.00,11158.00
2011,5-INDEPENDENT,"NYS Memorial Scholarships for Families of Deceased Firefighters, Volunteer Firefighters, Police Officers, Peace Officers and Emergency Medical Service Workers",34,32.50,540030.76
2011,4-SUNY CC,"NYS Memorial Scholarships for Families of Deceased Firefighters, Volunteer Firefighters, Police Officers, Peace Officers and Emergency Medical Service Workers",12,10.00,109635.00
2011,6-BUS. DEGREE,"NYS Memorial Scholarships for Families of Deceased Firefighters, Volunteer Firefighters, Police Officers, Peace Officers and Emergency Medical Service Workers",2,1.50,16260.50
2011,3-SUNY SO,"NYS Memorial Scholarships for Families of Deceased Firefighters, Volunteer Firefighters, Police Officers, Peace Officers and Emergency Medical Service Workers",19,16.50,280923.35
2011,8-OTHER,NYS Regents Awards for Children of Deceased and Disabled Veterans,1,0.33,150.00
2011,1-CUNY SR,NYS Regents Awards for Children of Deceased and Disabled Veterans,17,13.25,5962.50
2011,6-BUS. DEGREE,NYS Regents Awards for Children of Deceased and Disabled Veterans,10,8.50,3825.00
2011,5-INDEPENDENT,NYS Regents Awards for Children of Deceased and Disabled Veterans,125,114.67,56895.00
2011,4-SUNY CC,NYS Regents Awards for Children of Deceased and Disabled Veterans,110,80.50,42587.00
2011,3-SUNY SO,NYS Regents Awards for Children of Deceased and Disabled Veterans,141,127.00,60825.90
2011,2-CUNY CC,NYS Regents Awards for Children of Deceased and Disabled Veterans,3,2.50,1125.00
2011,1-CUNY SR,NYS Scholarships for Academic Excellence,2270,2014.67,1401582.50
2011,8-OTHER,NYS Scholarships for Academic Excellence,2,1.50,1250.00
2011,7-BUS. NON-DEG,NYS Scholarships for Academic Excellence,1,1.00,500.00
2011,6-BUS. DEGREE,NYS Scholarships for Academic Excellence,102,97.67,67333.57
2011,5-INDEPENDENT,NYS Scholarships for Academic Excellence,8387,7940.42,6015057.50
2011,4-SUNY CC,NYS Scholarships for Academic Excellence,472,391.25,285375.00
2011,3-SUNY SO,NYS Scholarships for Academic Excellence,4827,4506.25,3161375.00
2011,2-CUNY CC,NYS Scholarships for Academic Excellence,184,135.00,93000.00
2011,6-BUS. DEGREE,NYS World Trade Center Memorial Scholarship,15,13.50,188297.61
2011,5-INDEPENDENT,NYS World Trade Center Memorial Scholarship,338,312.75,5071051.55
2011,4-SUNY CC,NYS World Trade Center Memorial Scholarship,86,66.50,749234.45
2011,3-SUNY SO,NYS World Trade Center Memorial Scholarship,224,208.00,3689278.66
2011,2-CUNY CC,NYS World Trade Center Memorial Scholarship,23,15.50,134671.40
2011,1-CUNY SR,NYS World Trade Center Memorial Scholarship,43,36.00,431285.30
2011,6-BUS. DEGREE,New York  Lottery - Leaders of Tomorrow Scholarship,17,14.17,17708.35
2011,5-INDEPENDENT,New York  Lottery - Leaders of Tomorrow Scholarship,966,892.75,1115812.87
2011,4-SUNY CC,New York  Lottery - Leaders of Tomorrow Scholarship,39,29.50,36875.00
2011,3-SUNY SO,New York  Lottery - Leaders of Tomorrow Scholarship,529,475.00,593750.00
2011,2-CUNY CC,New York  Lottery - Leaders of Tomorrow Scholarship,11,8.50,10625.00
2011,1-CUNY SR,New York  Lottery - Leaders of Tomorrow Scholarship,144,122.00,152375.00
2011,5-INDEPENDENT,Senator Patricia K. McGee Nursing Faculty Scholarship,64,34.50,905810.62
2011,3-SUNY SO,Senator Patricia K. McGee Nursing Faculty Scholarship,6,2.50,71448.04
2011,1-CUNY SR,Senator Patricia K. McGee Nursing Faculty Scholarship,4,2.88,68885.85
2011,VOCATIONAL - VET SCHOOLS ONLY,Veterans Tuition Awards,1,0.50,2647.50
2011,6-BUS. DEGREE,Veterans Tuition Awards,187,138.33,649788.99
2011,5-INDEPENDENT,Veterans Tuition Awards,486,369.50,1880938.08
2011,4-SUNY CC,Veterans Tuition Awards,515,380.54,1224638.68
2011,3-SUNY SO,Veterans Tuition Awards,524,388.83,1770097.51
2011,2-CUNY CC,Veterans Tuition Awards,73,46.88,135055.82
2011,1-CUNY SR,Veterans Tuition Awards,253,174.25,712677.85
2010,5-INDEPENDENT,Flight 3407 Memorial Scholarship,2,2.00,30642.00
2010,3-SUNY SO,Flight 3407 Memorial Scholarship,1,0.50,6742.89
2010,1-CUNY SR,Flight 587 Memorial Scholarship,7,6.00,59764.92
2010,6-BUS. DEGREE,Flight 587 Memorial Scholarship,4,2.67,32906.12
2010,5-INDEPENDENT,Flight 587 Memorial Scholarship,9,8.17,135078.02
2010,4-SUNY CC,Flight 587 Memorial Scholarship,1,0.50,5136.18
2010,3-SUNY SO,Flight 587 Memorial Scholarship,2,1.50,20189.64
2010,2-CUNY CC,Flight 587 Memorial Scholarship,7,5.50,45647.08
2010,1-CUNY SR,Military Service Recognition Scholarship,2,2.00,16920.57
2010,6-BUS. DEGREE,Military Service Recognition Scholarship,1,0.50,3788.36
2010,5-INDEPENDENT,Military Service Recognition Scholarship,9,9.00,138426.04
2010,4-SUNY CC,Military Service Recognition Scholarship,10,8.75,92638.84
2010,3-SUNY SO,Military Service Recognition Scholarship,9,8.50,133176.35
2010,2-CUNY CC,Military Service Recognition Scholarship,4,3.00,17344.34
2010,1-CUNY SR,NYS Math and Science Teacher Incentive Scholarship,1,1.00,4568.00
2010,5-INDEPENDENT,NYS Math and Science Teacher Incentive Scholarship,64,62.00,308582.10
2010,4-SUNY CC,NYS Math and Science Teacher Incentive Scholarship,3,3.00,9854.00
2010,3-SUNY SO,NYS Math and Science Teacher Incentive Scholarship,117,111.50,560039.60
2010,1-CUNY SR,"NYS Memorial Scholarships for Families of Deceased Firefighters, Volunteer Firefighters, Police Officers, Peace Officers and Emergency Medical Service Workers",5,3.00,32299.43
2010,8-OTHER,"NYS Memorial Scholarships for Families of Deceased Firefighters, Volunteer Firefighters, Police Officers, Peace Officers and Emergency Medical Service Workers",1,1.00,6860.00
2010,6-BUS. DEGREE,"NYS Memorial Scholarships for Families of Deceased Firefighters, Volunteer Firefighters, Police Officers, Peace Officers and Emergency Medical Service Workers",2,2.00,27773.05
2010,5-INDEPENDENT,"NYS Memorial Scholarships for Families of Deceased Firefighters, Volunteer Firefighters, Police Officers, Peace Officers and Emergency Medical Service Workers",37,33.25,502390.37
2010,4-SUNY CC,"NYS Memorial Scholarships for Families of Deceased Firefighters, Volunteer Firefighters, Police Officers, Peace Officers and Emergency Medical Service Workers",10,8.00,82483.65
2010,3-SUNY SO,"NYS Memorial Scholarships for Families of Deceased Firefighters, Volunteer Firefighters, Police Officers, Peace Officers and Emergency Medical Service Workers",22,19.00,272425.07
2010,2-CUNY CC,"NYS Memorial Scholarships for Families of Deceased Firefighters, Volunteer Firefighters, Police Officers, Peace Officers and Emergency Medical Service Workers",1,1.00,9602.70
2010,8-OTHER,NYS Regents Awards for Children of Deceased and Disabled Veterans,2,2.00,850.00
2010,6-BUS. DEGREE,NYS Regents Awards for Children of Deceased and Disabled Veterans,8,6.33,2713.00
2010,5-INDEPENDENT,NYS Regents Awards for Children of Deceased and Disabled Veterans,130,114.17,58990.05
2010,4-SUNY CC,NYS Regents Awards for Children of Deceased and Disabled Veterans,129,100.75,47003.75
2010,3-SUNY SO,NYS Regents Awards for Children of Deceased and Disabled Veterans,154,128.50,63385.09
2010,2-CUNY CC,NYS Regents Awards for Children of Deceased and Disabled Veterans,3,2.50,1054.50
2010,1-CUNY SR,NYS Regents Awards for Children of Deceased and Disabled Veterans,14,12.00,5100.00
2010,8-OTHER,NYS Scholarships for Academic Excellence,4,4.00,2876.00
2010,7-BUS. NON-DEG,NYS Scholarships for Academic Excellence,1,1.00,474.00
2010,6-BUS. DEGREE,NYS Scholarships for Academic Excellence,107,93.67,58317.15
2010,5-INDEPENDENT,NYS Scholarships for Academic Excellence,8766,8239.33,5936555.81
2010,4-SUNY CC,NYS Scholarships for Academic Excellence,492,404.75,275387.50
2010,3-SUNY SO,NYS Scholarships for Academic Excellence,4793,4435.08,2965610.20
2010,2-CUNY CC,NYS Scholarships for Academic Excellence,159,109.50,72081.00
2010,1-CUNY SR,NYS Scholarships for Academic Excellence,2243,1983.50,1332357.30
2010,6-BUS. DEGREE,NYS World Trade Center Memorial Scholarship,17,16.58,208858.78
2010,5-INDEPENDENT,NYS World Trade Center Memorial Scholarship,312,289.08,4400974.26
2010,4-SUNY CC,NYS World Trade Center Memorial Scholarship,75,63.00,634534.69
2010,3-SUNY SO,NYS World Trade Center Memorial Scholarship,193,174.50,2937798.00
2010,2-CUNY CC,NYS World Trade Center Memorial Scholarship,22,16.50,133932.74
2010,1-CUNY SR,NYS World Trade Center Memorial Scholarship,45,35.00,406807.87
2010,6-BUS. DEGREE,New York  Lottery - Leaders of Tomorrow Scholarship,15,15.00,18500.01
2010,5-INDEPENDENT,New York  Lottery - Leaders of Tomorrow Scholarship,1450,1346.25,1680802.84
2010,4-SUNY CC,New York  Lottery - Leaders of Tomorrow Scholarship,88,69.00,86000.00
2010,3-SUNY SO,New York  Lottery - Leaders of Tomorrow Scholarship,835,741.00,924000.00
2010,2-CUNY CC,New York  Lottery - Leaders of Tomorrow Scholarship,21,14.25,17812.50
2010,1-CUNY SR,New York  Lottery - Leaders of Tomorrow Scholarship,195,164.04,203915.00
2010,5-INDEPENDENT,Senator Patricia K. McGee Nursing Faculty Scholarship,51,27.17,630971.40
2010,3-SUNY SO,Senator Patricia K. McGee Nursing Faculty Scholarship,6,3.67,87863.70
2010,1-CUNY SR,Senator Patricia K. McGee Nursing Faculty Scholarship,2,1.58,29593.32
2010,8-OTHER,Veterans Tuition Awards,1,0.33,1631.70
2010,6-BUS. DEGREE,Veterans Tuition Awards,159,140.50,651511.49
2010,5-INDEPENDENT,Veterans Tuition Awards,395,301.67,1400527.52
2010,4-SUNY CC,Veterans Tuition Awards,631,465.88,1406752.54
2010,3-SUNY SO,Veterans Tuition Awards,574,434.42,1810203.62
2010,2-CUNY CC,Veterans Tuition Awards,88,56.67,146068.83
2010,1-CUNY SR,Veterans Tuition Awards,275,180.67,607890.68
2009,5-INDEPENDENT,Flight 3407 Memorial Scholarship,4,4.00,58507.96
2009,3-SUNY SO,Flight 3407 Memorial Scholarship,2,2.00,27500.76
2009,6-BUS. DEGREE,Flight 587 Memorial Scholarship,5,4.33,57154.29
2009,2-CUNY CC,Flight 587 Memorial Scholarship,7,5.25,44342.61
2009,3-SUNY SO,Flight 587 Memorial Scholarship,1,1.00,13220.69
2009,5-INDEPENDENT,Flight 587 Memorial Scholarship,6,5.25,92276.60
2009,1-CUNY SR,Flight 587 Memorial Scholarship,4,3.00,33526.33
2009,4-SUNY CC,Military Service Recognition Scholarship,4,3.00,31011.61
2009,2-CUNY CC,Military Service Recognition Scholarship,1,0.50,4473.70
2009,6-BUS. DEGREE,Military Service Recognition Scholarship,2,1.50,23867.90
2009,3-SUNY SO,Military Service Recognition Scholarship,5,5.00,64683.19
2009,5-INDEPENDENT,Military Service Recognition Scholarship,6,6.00,101185.00
2009,1-CUNY SR,Military Service Recognition Scholarship,1,1.00,4727.52
2009,4-SUNY CC,NYS Math and Science Teacher Incentive Scholarship,4,4.00,14688.50
2009,1-CUNY SR,NYS Math and Science Teacher Incentive Scholarship,2,2.00,9595.00
2009,3-SUNY SO,NYS Math and Science Teacher Incentive Scholarship,130,120.50,601673.50
2009,5-INDEPENDENT,NYS Math and Science Teacher Incentive Scholarship,87,82.50,412087.50
2009,4-SUNY CC,"NYS Memorial Scholarships for Families of Deceased Firefighters, Volunteer Firefighters, Police Officers, Peace Officers and Emergency Medical Service Workers",16,12.00,115401.38
2009,6-BUS. DEGREE,"NYS Memorial Scholarships for Families of Deceased Firefighters, Volunteer Firefighters, Police Officers, Peace Officers and Emergency Medical Service Workers",3,3.00,39910.49
2009,3-SUNY SO,"NYS Memorial Scholarships for Families of Deceased Firefighters, Volunteer Firefighters, Police Officers, Peace Officers and Emergency Medical Service Workers",18,14.75,217669.36
2009,5-INDEPENDENT,"NYS Memorial Scholarships for Families of Deceased Firefighters, Volunteer Firefighters, Police Officers, Peace Officers and Emergency Medical Service Workers",28,25.50,390207.15
2009,1-CUNY SR,"NYS Memorial Scholarships for Families of Deceased Firefighters, Volunteer Firefighters, Police Officers, Peace Officers and Emergency Medical Service Workers",7,6.00,63076.05
2009,8-OTHER,NYS Regents Awards for Children of Deceased and Disabled Veterans,2,2.00,882.00
2009,2-CUNY CC,NYS Regents Awards for Children of Deceased and Disabled Veterans,6,4.00,1764.00
2009,6-BUS. DEGREE,NYS Regents Awards for Children of Deceased and Disabled Veterans,10,10.00,9305.10
2009,3-SUNY SO,NYS Regents Awards for Children of Deceased and Disabled Veterans,149,134.00,74320.87
2009,1-CUNY SR,NYS Regents Awards for Children of Deceased and Disabled Veterans,10,9.25,4079.25
2009,5-INDEPENDENT,NYS Regents Awards for Children of Deceased and Disabled Veterans,134,121.50,55213.27
2009,4-SUNY CC,NYS Regents Awards for Children of Deceased and Disabled Veterans,142,116.25,54701.71
2009,2-CUNY CC,NYS Scholarships for Academic Excellence,168,124.50,85505.00
2009,8-OTHER,NYS Scholarships for Academic Excellence,3,3.00,2450.00
2009,1-CUNY SR,NYS Scholarships for Academic Excellence,2207,1991.00,1386700.00
2009,6-BUS. DEGREE,NYS Scholarships for Academic Excellence,96,92.33,57411.52
2009,3-SUNY SO,NYS Scholarships for Academic Excellence,4819,4608.92,3165030.05
2009,5-INDEPENDENT,NYS Scholarships for Academic Excellence,9105,8729.08,6427121.28
2009,4-SUNY CC,NYS Scholarships for Academic Excellence,489,405.75,276482.50
2009,2-CUNY CC,NYS World Trade Center Memorial Scholarship,12,9.00,64105.72
2009,1-CUNY SR,NYS World Trade Center Memorial Scholarship,43,34.25,365210.65
2009,6-BUS. DEGREE,NYS World Trade Center Memorial Scholarship,23,19.17,255807.72
2009,3-SUNY SO,NYS World Trade Center Memorial Scholarship,154,139.50,2252587.18
2009,5-INDEPENDENT,NYS World Trade Center Memorial Scholarship,323,300.75,4684970.07
2009,4-SUNY CC,NYS World Trade Center Memorial Scholarship,88,66.75,673259.72
2009,8-OTHER,New York  Lottery - Leaders of Tomorrow Scholarship,1,1.00,1250.00
2009,6-BUS. DEGREE,New York  Lottery - Leaders of Tomorrow Scholarship,21,21.17,25958.35
2009,3-SUNY SO,New York  Lottery - Leaders of Tomorrow Scholarship,1127,1021.50,1226500.00
2009,5-INDEPENDENT,New York  Lottery - Leaders of Tomorrow Scholarship,2022,1889.17,2266042.20
2009,1-CUNY SR,New York  Lottery - Leaders of Tomorrow Scholarship,281,240.00,289875.00
2009,4-SUNY CC,New York  Lottery - Leaders of Tomorrow Scholarship,154,127.00,157125.00
2009,2-CUNY CC,New York  Lottery - Leaders of Tomorrow Scholarship,27,20.50,25625.00
2009,3-SUNY SO,Senator Patricia K. McGee Nursing Faculty Scholarship,14,7.96,221086.56
2009,5-INDEPENDENT,Senator Patricia K. McGee Nursing Faculty Scholarship,76,48.00,1154880.76
2009,1-CUNY SR,Senator Patricia K. McGee Nursing Faculty Scholarship,5,2.79,74035.86
2009,8-OTHER,Veterans Tuition Awards,2,1.08,3080.87
2009,3-SUNY SO,Veterans Tuition Awards,585,447.50,1968424.17
2009,6-BUS. DEGREE,Veterans Tuition Awards,149,111.46,515421.14
2009,5-INDEPENDENT,Veterans Tuition Awards,351,252.54,1195516.99
2009,1-CUNY SR,Veterans Tuition Awards,305,202.08,720155.76
2009,4-SUNY CC,Veterans Tuition Awards,730,541.04,1670274.97
2009,2-CUNY CC,Veterans Tuition Awards,85,55.38,131649.33
